Продукт,Старая цена,Новая цена,Процент скидки,Время акции
"Каша овсяная БЫСТРИНКА, Клубника/абрикос, со сливками, 41г",−24%,16.99,12.99,с  8 июня до 14 июня
"Каша овсяная БЫСТРИНКА, Клубника/абрикос, со сливками, 41г",−24%,16.99,12.99,с  8 июня до 14 июня
"Корм для кошек ФЕЛИКС суп с говядиной, 48г",−20%,19.99,15.99,с  8 июня до 14 июня
"Корм для кошек ФЕЛИКС суп с говядиной, 48г",−20%,19.99,15.99,с  8 июня до 14 июня
"Корм для кошек ФЕЛИКС суп с курицей, 48г",−20%,19.99,15.99,с  8 июня до 14 июня
"Корм для кошек ФЕЛИКС суп с курицей, 48г",−20%,19.99,15.99,с  8 июня до 14 июня
"Корм для кошек ФЕЛИКС суп с курицей, 48г",−15%,19.99,16.99,с  8 июня до 14 июня
"Корм для кошек ФЕЛИКС суп с говядиной, 48г",−15%,19.99,16.99,с  8 июня до 14 июня
"Сухарики ВОРОНЦОВСКИЕ, в ассортименте, 40г",−20%,24.99,19.99,с  8 июня до 14 июня
"Кукурузные палочки СКРЕПЫШИ Вареная сгущенка, 50г",−11%,22.53,19.99,с  8 июня до 14 июня
"Сухарики ВОРОНЦОВСКИЕ, в ассортименте, 40г",−20%,24.99,19.99,с  8 июня до 14 июня
"Сухарики ВОРОНЦОВСКИЕ, в ассортименте, 40г",−20%,24.99,19.99,с  8 июня до 14 июня
"Кукурузные палочки СКРЕПЫШИ Вареная сгущенка, 50г",−11%,22.53,19.99,с  8 июня до 14 июня
"Кукурузные палочки СКРЕПЫШИ Вареная сгущенка, 50г",−11%,22.53,19.99,с  8 июня до 14 июня
"Вода питьевая СЕНЕЖСКАЯ, Минеральная негазированная, 500мл",−38%,31.99,19.99,с  8 июня до 14 июня
"Кукурузные палочки СКРЕПЫШИ Вареная сгущенка, 50г",−11%,22.53,19.99,с  8 июня до 14 июня
"Корм для кошек WHISKAS® рагу с курицей, 75г",−13%,23.99,20.99,с  8 июня до 14 июня
"Корм для кошек WHISKAS® старше 7 лет рагу-ягненок, 75г",−13%,23.99,20.99,с  8 июня до 14 июня
"Корм для кошек WHISKAS® рагу с телятиной, 75г",−13%,23.99,20.99,с  8 июня до 14 июня
"Корм для котят WHISKAS® рагу с курицей, 75г",−13%,23.99,20.99,с  8 июня до 14 июня
"Корм для кошек WHISKAS® рагу говядина-ягненок, 75г",−13%,23.99,20.99,с  8 июня до 14 июня
"Корм для кошек WHISKAS® рагу треска-лосось, 75г",−13%,23.99,20.99,с  8 июня до 14 июня
Корм влажный для кошек,−13%,23.99,20.99,с  8 июня до 14 июня
"Корм для кошек WHISKAS® паштет индейка-кролик, 75г",−13%,23.99,20.99,с  8 июня до 14 июня
"Корм для кошек WHISKAS® желе говядина-кролик, 75г",−13%,23.99,20.99,с  8 июня до 14 июня
"Корм для кошек WHISKAS® желе говядина-ягненок, 75г",−13%,23.99,20.99,с  8 июня до 14 июня
"Корм для кошек WHISKAS® желе курица-индейка, 75г",−13%,23.99,20.99,с  8 июня до 14 июня
"Корм для кошек WHISKAS® рагу треска-лосось, 75г",−13%,23.99,20.99,с  8 июня до 14 июня
"Корм влажный для кошек WHISKAS Мясная коллекция, говядина, 75г",−13%,23.99,20.99,с  8 июня до 14 июня
"Корм для кошек WHISKAS® паштет говядина-печень, 75г",−13%,23.99,20.99,с  8 июня до 14 июня
"Корм для кошек WHISKAS® рагу индейка-кролик, 75г",−13%,23.99,20.99,с  8 июня до 14 июня
"Корм для кошек WHISKAS® желе курица, 75г",−13%,23.99,20.99,с  8 июня до 14 июня
Корм для кошек,−13%,23.99,20.99,с  8 июня до 14 июня
"Корм для кошек WHISKAS® желе говядина-ягненок, 75г",−13%,23.99,20.99,с  8 июня до 14 июня
"Корм для кошек WHISKAS® рагу с курицей, 75г",−13%,23.99,20.99,с  8 июня до 14 июня
"Корм для кошек WHISKAS® Аппетитный микс креветки в соусе, 75г",−13%,23.99,20.99,с  8 июня до 14 июня
"Корм для кошек WHISKAS® рагу с курицей, 75г",−13%,23.99,20.99,с  8 июня до 14 июня
"Корм для кошек WHISKAS® желе говядина-ягненок, 75г",−13%,23.99,20.99,с  8 июня до 14 июня
"Корм для кошек WHISKAS® паштет индейка-кролик, 75г",−13%,23.99,20.99,с  8 июня до 14 июня
"Корм для кошек WHISKAS® рагу с телятиной, 75г",−13%,23.99,20.99,с  8 июня до 14 июня
"Корм для кошек WHISKAS® желе говядина-кролик, 75г",−13%,23.99,20.99,с  8 июня до 14 июня
"Корм для кошек WHISKAS® желе курица, 75г",−13%,23.99,20.99,с  8 июня до 14 июня
"Корм для кошек WHISKAS® желе курица-индейка, 75г",−13%,23.99,20.99,с  8 июня до 14 июня
"Корм для кошек WHISKAS® паштет курица-индейка, 75г",−13%,23.99,20.99,с  8 июня до 14 июня
"Корм для кошек WHISKAS® старше 7 лет рагу-ягненок, 75г",−13%,23.99,20.99,с  8 июня до 14 июня
"Корм для котят WHISKAS® рагу с курицей, 75г",−13%,23.99,20.99,с  8 июня до 14 июня
"Корм для кошек WHISKAS® паштет говядина-печень, 75г",−13%,23.99,20.99,с  8 июня до 14 июня
Корм влажный для кошек,−13%,23.99,20.99,с  8 июня до 14 июня
"Корм для кошек WHISKAS® паштет говядина-печень, 75г",−13%,23.99,20.99,с  8 июня до 14 июня
"Корм для кошек WHISKAS® желе курица-индейка, 75г",−13%,23.99,20.99,с  8 июня до 14 июня
